id,name,task,category,created
2,Blondell Grestye,augue aliquam erat volutpat in congue,BLOCKER,2018-11-28T06:32:10Z
3,Silvie Bungey,porttitor pede justo,DEFAULT,2018-12-05T07:24:28Z
4,Mohandas Edgington,tempus vivamus in felis,NICE_TO_HAVE,2018-09-03T09:06:58Z
5,Julie Eversfield,in faucibus orci luctus,NICE_TO_HAVE,2018-10-30T06:55:49Z
6,Alexei Drewry,lacus purus aliquet at feugiat non,FUTURE,2018-07-12T20:25:15Z
7,Gustave Snary,sed vel enim,DEFAULT,2019-03-05T21:35:36Z
8,Pauli Barnewell,nibh in hac habitasse,NICE_TO_HAVE,2019-03-03T19:03:49Z
9,Nealon Fetters,congue vivamus metus arcu adipiscing,DEFAULT,2018-07-02T14:44:30Z
10,Honey Veregan,sed accumsan felis ut at,NICE_TO_HAVE,2018-05-27T07:39:53Z
11,Holt Hellyer,consequat nulla nisl nunc nisl duis,IMPORTANT,2018-09-04T14:23:18Z
12,Kiah Bleiman,magna at nunc,FUTURE,2018-04-14T19:36:42Z
13,Patricia Gavigan,eget rutrum at lorem integer,NICE_TO_HAVE,2018-04-07T18:34:25Z
14,Pinchas Lanchberry,amet consectetuer adipiscing elit,BLOCKER,2018-07-17T17:30:44Z
15,Theodora Tunnadine,scelerisque quam turpis adipiscing lorem vitae,IMPORTANT,2018-08-11T18:11:10Z
16,Valerye Pieroni,proin at turpis,IMPORTANT,2019-01-24T01:19:24Z
17,Moselle Frayling,fusce consequat nulla,DEFAULT,2018-06-17T11:25:21Z
18,Findley Sigert,augue aliquam erat volutpat in congue,FUTURE,2018-11-18T05:52:16Z
19,Delano Eccott,massa id lobortis,DEFAULT,2018-08-24T22:37:17Z
20,Danyette McGee,sit amet nulla,NICE_TO_HAVE,2018-08-11T00:24:17Z
21,Aloise Cheevers,nisi venenatis tristique,IMPORTANT,2019-03-01T16:36:00Z
22,Glennie Littlefield,mus vivamus vestibulum sagittis sapien,BLOCKER,2018-08-13T17:06:33Z
23,Kyle Bourdis,lorem quisque ut,FUTURE,2018-06-15T20:50:26Z
24,Shara Jurasz,non mi integer ac neque duis,FUTURE,2019-01-19T15:35:43Z
25,Nicolette Treacher,ultrices vel augue,IMPORTANT,2018-08-16T00:00:30Z
26,Gizela Corrington,vestibulum eget vulputate ut,NICE_TO_HAVE,2018-07-13T13:59:02Z
27,Constancia Offield,consectetuer adipiscing elit,BLOCKER,2018-10-02T20:25:31Z
28,Kaylil Loughren,id turpis integer,FUTURE,2018-09-24T10:38:19Z
29,Ulises Penticoot,non sodales sed,IMPORTANT,2018-10-29T18:10:05Z
30,Maxwell Mettericke,in faucibus orci luctus,FUTURE,2018-05-05T13:43:54Z
31,Josie McElane,mauris viverra diam vitae quam suspendisse,IMPORTANT,2018-05-08T04:42:25Z
32,Con Giorgietto,duis bibendum felis sed,BLOCKER,2018-03-23T18:48:47Z
33,Fancy Pauluzzi,orci eget orci,DEFAULT,2018-12-05T15:25:13Z
34,Nana Penley,magna vestibulum aliquet ultrices erat,DEFAULT,2018-05-29T09:11:01Z
35,Bernelle Leavold,libero non mattis,IMPORTANT,2018-06-25T08:09:26Z
36,Lainey Cracie,metus aenean fermentum donec,BLOCKER,2018-09-14T12:55:05Z
37,Bayard Stollmeyer,dapibus duis at velit eu,NICE_TO_HAVE,2019-02-20T07:24:49Z
38,Myer Alison,sapien varius ut blandit non,DEFAULT,2018-08-13T07:51:15Z
39,Elora Heinzler,luctus et ultrices,IMPORTANT,2018-12-13T03:57:52Z
40,Alfi Conyers,convallis nunc proin,DEFAULT,2018-10-08T10:31:33Z
41,Wallie Goodings,erat nulla tempus vivamus in,IMPORTANT,2019-02-25T15:34:10Z
42,Leelah Pettendrich,eleifend luctus ultricies eu,NICE_TO_HAVE,2018-08-05T01:23:26Z
43,Diego Loveguard,eu interdum eu tincidunt,NICE_TO_HAVE,2018-11-23T23:34:26Z
44,Winnie Jezzard,neque duis bibendum morbi,DEFAULT,2018-12-13T21:38:01Z
45,Shanie Rollett,porta volutpat quam pede lobortis,NICE_TO_HAVE,2018-04-10T09:49:34Z
46,Estella Kerton,varius nulla facilisi cras non,NICE_TO_HAVE,2018-07-29T19:47:53Z
47,Concettina Croxall,enim leo rhoncus sed,IMPORTANT,2018-07-22T15:29:36Z
48,Giffy Meadmore,purus eu magna,FUTURE,2018-11-16T21:04:39Z
49,Isabelita Haslewood,congue vivamus metus arcu,BLOCKER,2018-06-10T10:13:05Z
50,Janenna Fessby,sed vel enim,IMPORTANT,2018-04-21T16:33:30Z
51,Alyss Shayler,mauris morbi non lectus aliquam,NICE_TO_HAVE,2018-05-27T19:52:51Z
52,Lonee Housecraft,eleifend pede libero quis orci nullam,NICE_TO_HAVE,2018-07-27T06:54:34Z
53,Georgie Chestle,sem sed sagittis nam congue risus,NICE_TO_HAVE,2019-01-04T21:34:32Z
54,Mylo Corteney,maecenas pulvinar lobortis est phasellus sit,BLOCKER,2018-04-14T08:02:48Z
55,Quinlan Cerith,dolor quis odio consequat varius integer,DEFAULT,2018-08-17T03:21:01Z
56,Ysabel Wagerfield,arcu libero rutrum ac,DEFAULT,2018-11-06T08:45:15Z
57,Maison Diffley,sit amet diam in magna,DEFAULT,2019-01-04T21:34:34Z
58,Faydra Bielefeld,nulla sed accumsan felis ut at,NICE_TO_HAVE,2018-07-09T13:57:31Z
59,Boothe Baptiste,in faucibus orci,FUTURE,2018-12-09T04:55:07Z
60,Jacinta Tompkiss,morbi porttitor lorem id ligula suspendisse,IMPORTANT,2019-02-23T12:10:13Z
61,Aimil Ebdon,penatibus et magnis dis parturient,FUTURE,2018-05-05T14:31:39Z
62,Stillman Clavering,proin leo odio porttitor,DEFAULT,2018-11-26T02:54:58Z
63,Vittorio Ealles,venenatis turpis enim,IMPORTANT,2019-03-10T06:09:54Z
64,Eliot Staining,aliquam quis turpis eget elit sodales,DEFAULT,2019-02-12T02:55:46Z
65,Fernando Mowbury,leo odio condimentum,DEFAULT,2018-04-25T08:57:39Z
66,Lauren Kacheler,aliquet massa id lobortis convallis,IMPORTANT,2019-01-31T17:08:16Z
67,Abeu Baston,venenatis non sodales,BLOCKER,2018-12-01T04:08:29Z
68,Fitzgerald Kiff,mauris morbi non lectus,FUTURE,2019-01-13T04:51:38Z
69,Pippa Davers,volutpat convallis morbi,NICE_TO_HAVE,2018-03-23T05:21:55Z
70,Paquito Matysiak,ultrices posuere cubilia,DEFAULT,2019-01-16T23:11:00Z
71,Jandy Stelle,vivamus metus arcu adipiscing molestie hendrerit,NICE_TO_HAVE,2018-11-17T10:34:53Z
72,Sam Cavy,id massa id nisl venenatis,IMPORTANT,2018-05-23T15:03:41Z
73,Diane Wonfar,viverra diam vitae quam suspendisse,IMPORTANT,2018-05-12T03:16:19Z
74,Etty Czyz,luctus et ultrices posuere,DEFAULT,2018-10-05T23:02:25Z
75,Lock Kernar,donec dapibus duis at,IMPORTANT,2018-05-04T14:22:53Z
76,Melany Heinicke,nullam porttitor lacus,FUTURE,2019-02-05T02:51:34Z
77,Eolande Gianinotti,porttitor pede justo eu,DEFAULT,2019-01-29T01:15:19Z
78,Farley Cockell,nec sem duis aliquam,DEFAULT,2018-04-03T05:34:12Z
79,Bernardina Howselee,in tempor turpis nec euismod,FUTURE,2018-07-04T22:58:21Z
80,Andreana Lyndon,augue luctus tincidunt nulla mollis molestie,DEFAULT,2018-03-17T05:50:22Z
81,Ange McGilmartin,proin risus praesent lectus vestibulum,DEFAULT,2018-12-02T23:38:46Z
82,Wood Ruckledge,integer pede justo lacinia eget,IMPORTANT,2018-04-10T15:33:06Z
83,Anette Sheeres,mauris sit amet eros,NICE_TO_HAVE,2018-07-13T11:36:04Z
84,Danyette Mowson,in faucibus orci luctus et,IMPORTANT,2018-11-12T01:26:50Z
85,Valeda Parsell,molestie sed justo pellentesque,BLOCKER,2018-08-19T16:58:56Z
86,Tobin Hurdidge,venenatis turpis enim blandit mi,FUTURE,2018-11-29T13:40:53Z
87,Brnaba Switsur,lacus at turpis donec posuere metus,IMPORTANT,2018-07-14T12:42:01Z
88,Bar MacCaughan,metus sapien ut,DEFAULT,2018-12-02T23:10:14Z
89,Filmer Phipard-Shears,natoque penatibus et magnis dis,NICE_TO_HAVE,2018-06-29T05:55:02Z
90,Shawna Jentges,amet turpis elementum,DEFAULT,2018-09-11T01:33:20Z
91,Nehemiah Itskovitz,nonummy maecenas tincidunt lacus,DEFAULT,2018-07-17T04:06:41Z
92,Sutherlan McKeney,vestibulum vestibulum ante,BLOCKER,2018-08-30T05:23:51Z
93,Lesley Longbone,nulla ultrices aliquet,IMPORTANT,2018-05-11T22:20:45Z
94,Millard Wilmore,massa id nisl venenatis lacinia,BLOCKER,2019-01-06T21:56:36Z
95,Anthia Henrion,elementum in hac habitasse platea,FUTURE,2019-02-14T10:47:34Z
96,Mal Clarkin,dui vel nisl duis ac,NICE_TO_HAVE,2018-08-12T23:07:23Z
97,Jolee Clementucci,aliquam erat volutpat in congue,BLOCKER,2018-04-02T14:12:45Z
98,Crawford Palffrey,lobortis ligula sit,DEFAULT,2018-10-27T06:36:55Z
99,Alonzo Costen,sit amet nulla quisque arcu,NICE_TO_HAVE,2018-04-13T03:07:32Z
100,Amie Rushby,massa quis augue,NICE_TO_HAVE,2018-04-13T08:41:56Z
,mytask,,,